"name","bytes","sha256","archived_at"
"01-项目初衷与范围.md","2221","B8C502E220014B2118119BA3273F6CE692369CC96F5F9E6B09DFE7B5850C2C73","2026-08-11T10:40:01.8315742+08:00"
"02-系统架构与目录说明.md","4589","058A4FA99E1B02C5CF4C8425A0C292CDFBA129C4C94C4AF21508569BA09E3C2F","2026-08-11T10:40:01.8355099+08:00"
"03-安装与启动.md","3027","2D50EE629ED09D9395B318DD26410109F033C25DDE09F434B064D21897C96327","2026-08-11T10:40:01.8374715+08:00"
"04-日常使用流程.md","2042","BB2F56365E2CE9A48F91982D9C6FCFA5F782C242B08DBF98500B52426DA329E2","2026-08-11T10:40:01.8384537+08:00"
"05-多账号多窗口说明.md","2113","1554F6ACE5014596A2BE905FA83B76E0A93F855069B1C8BF5B852BD741457A77","2026-08-11T10:40:01.8394298+08:00"
"06-前端二次开发指南.md","1702","9C19FCE90E58B26B29F7A4A9324088B6FC9D5D63D38E59EABDE977E62A557A4B","2026-08-11T10:40:01.8404062+08:00"
"07-Bridge接口与数据流.md","2923","C4B6E2EE13D99220A53BDC608BEF3D1FA3CD81D92221D280EE3D6F5E94FF09F5","2026-08-11T10:40:01.8413827+08:00"
"08-上游同步与升级策略.md","2180","E1DADA1DEB168EC6C854F11A147D5B30009057FB4C1525B0FFA8BDB96838AB35","2026-08-11T10:40:01.8423592+08:00"
"09-测试报告.md","3378","3C872D1087644561100C74CBD94ED4B17F25710FEC65DFD708E31E2D607EC808","2026-08-11T10:40:01.8433356+08:00"
"10-当前进度与后续计划.md","2193","F4C4F28F04C0245DB3E961889F501E7501DBB81F52623DF22817BC95619F9D38","2026-08-11T10:40:01.8443123+08:00"
"11-故障排查.md","2826","A132C030D28367D309D708ECC9B198D7860BEC9A1774100A0B3B6BFFEBD435F6","2026-08-11T10:40:01.8443123+08:00"
"12-交接清单.md","1519","306A8D1E878065CE4D39D4667961F8B163D2EC93E820345BC01B267069621EFB","2026-08-11T10:40:01.8458181+08:00"
"13-UI-claude前端与Bridge修复.md","12710","E15608DF6E3F8B67BC21F1F5D5CFFD0E64E0270218797FA0CEBEC8D437194AA8","2026-08-11T10:40:01.8468013+08:00"
"14-真实三层联调记录.md","10207","8F0E78A29641002E49BF531FB58F65752C8C41A9E6B52EE46D4F2649774F2FC9","2026-08-11T10:40:01.8477832+08:00"
"15-上游Core代码审查.md","11028","7AE3ABB629C17AAF750C29FFD804B056D379198624E778B1F74B793EE5944671","2026-08-11T10:40:01.8487595+08:00"
"16-安全与并发修复.md","7880","EF30DA841DFF2959ADBE5C87E966BEA36850A00AE9F1E921251D005104AAB9D2","2026-08-11T10:40:01.8497362+08:00"
"17-前端加固与入口收口.md","7535","8FCD34AEAF11E2B14958376B34056B86A3C64FC9CBE5C33A2C90BE9557BCE3BE","2026-08-11T10:40:01.8507126+08:00"
"18-一键扫描绑定与开关乐观更新.md","5370","1165EEB41F5FEBB61C42DD730B1005DF6DD371555CD0752A7212D5D79D56DF9A","2026-08-11T10:40:01.8516894+08:00"
"19-连不上模拟器根因与修复.md","3603","06451E0A403E7E07DD5F5AFE5D3192C09325BA9748B173B899ECDE879AEAFA38","2026-08-11T10:40:01.8526655+08:00"
"20-个人突破卡死根因与修复.md","7449","7024AE3A56B9D7AD5264203AC1066779AA4D6F249801CA5961FF976359646606","2026-08-11T10:40:01.8536422+08:00"
"21-打九退四卡退出确认与修复.md","5636","F5C920C947F9D02F2256CA2EB29070F92F5A0FB95FA1CBA685EB4AB798E84C31","2026-08-11T10:40:01.8546197+08:00"
"22-退四验证与庭院进探索打通.md","6253","84B03B17F63B6CE435402142BFA0C21BD8895D4439AD8E9B75B45AA50A33CD51","2026-08-11T10:40:01.8566087+08:00"
"Codex-01-项目架构与任务生命周期审计.md","11979","B260CD7800D83AFA67DE84CE2480816E303974207F9E3250602CB20E0C3E9B01","2026-08-11T10:40:01.8575853+08:00"
"Codex-02-已知Bug与流程冲突清单.md","16506","882D9B54C30E17A478B9C8579DFFD9E1F850CB8B98C9089A4DC85B0E47E56887","2026-08-11T10:40:01.8585685+08:00"
"Codex-03-通用接口与任务框架重构基线.md","10222","B3CE002EF16ACA3E4D55F86C1642EE9ECB78A48F91C6D738950BAE3528DF21C9","2026-08-11T10:40:01.8595436+08:00"
"Codex-04-个人结界突破半成品进度与规则.md","13038","6A99046A1CDD6E875268117E4A7D170D712A5C48DF0196876D5914FDC20CB398","2026-08-11T10:40:01.8605199+08:00"
"Codex-05-个人结界突破目标等级模式实施规格.md","18451","45E1E5730CF7F2E66A0B3968C4DE4D45EB91D303008E563103B38446885FBF8A","2026-08-11T10:40:01.8614968+08:00"
"Codex-06-个人结界突破阶段奖励稳定等待修复.md","7893","2A8284DF3DF6E07B93D8BE85E6B70919A5548FB42ED772D86A863C57092EC9ED","2026-08-11T10:40:01.8624730+08:00"
"Codex-07-控制中心唯一前端与桌面链路收口.md","5781","FBF64AAFD6D3B052811646034B5692C3B28E9C645713EDB5F9108F56CA4CBDEC","2026-08-11T10:40:01.8634494+08:00"
"Codex-08-授权服务与客户端代码保护架构审查.md","19179","FA71062F32E41FD95FF31C91FDCCC8F785E19A419F36AF9F7B8591662EB730B9","2026-08-11T10:40:01.8644260+08:00"
"Codex-09-通用队伍预设名称选择器实施记录.md","8144","C17103D7A910DF670893A645716F7AA88B9F6F7E42CCD224A8AA2CBC0C521622","2026-08-11T10:40:01.8644260+08:00"
"Codex-10-个人结界突破性能优化与批次执行记录.md","7037","856B15A818AED968ECCBE9BCFD3971DCB7835737DF35D476FCBAE31A685FCF58","2026-08-11T10:40:01.8659320+08:00"
"Codex-11-个人突破预设应用与第九胜实测闭环.md","6512","7D449ADD17B3B669C7CEC247A3096A2C85DC4B07602E56DD815D40B5017713B3","2026-08-11T10:40:01.8669158+08:00"
"Codex-12-个人突破退四打九完整保级实测闭环.md","6679","DCE6F43BA5DD5157EDA39F4FD485681D24BE7F00B503B4B32DFA64E4C1FCA67B","2026-08-11T10:40:01.8678987+08:00"
"Codex-13-个人突破整任务生命周期修复.md","8162","E7830C3E51DD728C7DD022B6F36C5D58E2125E2CA898B961CA001E98DBE3F456","2026-08-11T10:40:01.8698515+08:00"
"Codex-14-个人突破暂停与困28核查准备.md","7527","59D0CD79C09BCAE0906ABEFB1F0ED0CA33DA7B12FEFC94636912FF55A1D7148F","2026-08-11T10:40:01.8708285+08:00"
"Codex-15-通用战斗前准备预设与御魂规则.md","31915","C1CEB8BE81C6581A50F2A7EC35686872872D315EF6944E1B23F7AADCBE752768","2026-08-11T10:40:01.8727812+08:00"
"Codex-16-困28御魂确认与页面跳转修复实测.md","6721","6019F2FF2E5E1772CD4028552044CAE8D130DD14335D305F660F5107C5B071FE","2026-08-11T10:40:01.8737561+08:00"
"Codex-17-两次困28与突破券闭环实测.md","6184","4D77A7609FB5C69E4C7620722FE7EA72FD77947B11A522C3200502101F0FFEA3","2026-08-11T10:40:01.8747359+08:00"
"Codex-18-调度竞态与识别兜底修复.md","4569","D05D017112CDFE92CE9559761EDAA9502189A7EBB09D9D5F18CE2B54FDE701FA","2026-08-11T10:40:01.8757456+08:00"
"Codex-19-困28补券与个人突破锁定识别实测.md","10467","0DAA1309C0C1903D2CE94700F8D5EE1300E81589D36EB3C927BE08077352DEA4","2026-08-11T10:40:01.8779835+08:00"
"Codex-20-设备帧缓冲与探索双状态修复.md","2631","A47668466C4B8036698498F0DA4A061EC2F4DC442218935E081232FF0DA1B81B","2026-08-11T10:40:01.8790257+08:00"
"Codex-21-困28候补与退出弹窗兼容修复.md","5085","FD712833762BFC8BD9ECB4008BDF9CEBAE1EA0F957498C61EDAA7FDB0AA06A53","2026-08-11T10:40:01.8800766+08:00"
"Codex-22-困28新版自动挑战与结算页兼容修复.md","2615","265677E5B1641805E5ACDF4587F9E25BE7E5101CF1839D43831B9A9B6059E25D","2026-08-11T10:40:01.8811440+08:00"
"Codex-23-困28发现地点弹窗与设置入口护栏修复.md","3830","9FD253A35A549E467BED2EEDADF9188B54D9F3634574117EA32735937B54FDC0","2026-08-11T10:40:01.8822004+08:00"
"Codex-24-困28主界面场景误判修复与测试记录.md","2641","4898BB4F205A990B06C1FA0CDFBAAF4E1762FDA5664AA88A56B9C446554B1730","2026-08-11T10:40:01.8842231+08:00"
"Codex-25-困28长程测试观察与个人突破启动前置记录.md","5817","942D8645230C4554F3125836256C6BCA5B4208592EC33C221388D87FCA133BC2","2026-08-11T10:40:01.8842231+08:00"
"Codex-26-二开项目交叉审查委托报告-20260805.md","13365","022AB4E7663068CE1B1F18DD6D5A5EBDBB81BDB2EEB4DC5C9FCA58303E5129FA","2026-08-11T10:40:01.8857293+08:00"
"Codex-27-交叉审查汇总报告-20260805.md","29723","B6DAFD727151080437F74FB75040C9E476A92DAD5BBC76413707A81661448C7C","2026-08-11T10:40:01.8867124+08:00"
"Codex-28-Codex-27主审复核与修订建议-20260805.md","11591","FB1517C8316ABA582C08DA25F48F8BEE7CB722F371ACA56D7BF0A5C269098008","2026-08-11T10:40:01.8886699+08:00"
"Codex-29-交叉审查报告修订版-20260805.md","25645","E51D8CCF5D20787CCD7A8A994A80E1D794FDBDD1C34AA8A196E9FC1243F97D0F","2026-08-11T10:40:01.8896463+08:00"
"Codex-30-运行验证与根因修复记录-20260805.md","6473","6104ED09F755ECC9CCD4591568CDDFB76CE47ACE32231E370322C05E8D66B31B","2026-08-11T10:40:01.8906249+08:00"
"Codex-31-实机交叉验证-预设OCR-20260805.md","5645","42783819D227EC25AA2FDECA6E0D923662C3467A1F91F908B638F893D2B3C7C6","2026-08-11T10:40:01.8965188+08:00"
"Codex-32-实机目标选择与结算验证记录-20260805.md","11002","2A22DE239AFD5C68BB37D05EBAF10CF87D49ABAF21774E97C3113232257BBA8D","2026-08-11T10:40:01.8984769+08:00"
"Codex-33-友人帐误入与准备按钮链路修复记录-20260805.md","10737","FAE5884AEF7E6E9A4E5554865FE1C09CF17287D40FF7A8B3EF54D3838A5E70F6","2026-08-11T10:40:01.8994535+08:00"
"Codex-34-阴阳寮突破链路审查-20260805.md","22212","B9AA999902185BA56EB8EE25D3DA51355A5BB06C39A042D06BBAA57DAAE7B9B3","2026-08-11T10:40:01.9004301+08:00"
"Codex-35-阴阳寮突破第一版实施记录-20260805.md","4669","23ABD58BD9A8FB6E4DBDD1CDA3DEDA126B833F3B99B67DAA81E7A6F2CF66B7F9","2026-08-11T10:40:01.9014064+08:00"
"Codex-36-寮突破锁定图标识别修复记录-20260805.md","3422","5DA796E4E193AF7A9D176F29273358157B22E0B17C56CD2015579503B1F12C90","2026-08-11T10:40:01.9033596+08:00"
"Codex-37-寮突破第二场准备点击失败修复记录-20260805.md","4439","75EF4A963F3AAF285BFD91354DAC72468A99CC2D3E9E50A29FEABF4C19E223D3","2026-08-11T10:40:01.9043357+08:00"
"Codex-38-寮突破实机长程测试与结算回板修复记录-20260805.md","6278","F1EA8D6A00827847692627825AD1CDD3E855EFFDEC41D61ACDE21E1D84A87650","2026-08-11T10:40:01.9058430+08:00"
"Codex-39-寮突破50场长程闭环测试与调度停用记录-20260806.md","6377","D8D7842E67B6FB5DCE0F6C006B16DB660C2786A8EDD00F9E504DBC51F2DE5012","2026-08-11T10:40:01.9068281+08:00"
"Codex-40-阴阳寮突破继续测试与失败箭头核对记录-20260806.md","3087","C29E314F90A15781ED29CABBF29210075EC04BD1B83C7A6F8634B4564545A046","2026-08-11T10:40:01.9078107+08:00"
"Codex-41-T3-preset-error-preflight-20260806.md","3258","CC546C91FD0855D5929392FFEB8846FD566AE8411D69D4E2D2D716B539CAA6EB","2026-08-11T10:40:01.9087905+08:00"
"Codex-42-RealmRaid首轮预设准备实机验证-20260806.md","8509","7B4979478927525D9B75FDC8E83638DD2E1A7CAB51953E2059286F9D0A4A06A1","2026-08-11T10:40:01.9097670+08:00"
"Codex-43-RealmRaid手动自动模式实机补充-20260806.md","2228","F0B58074310CC092F40835354A13B6AFF7578C11119F51F488387CABF6DC0776","2026-08-11T10:40:01.9107430+08:00"
"Codex-44-通用战斗自动模式兜底修复-20260806.md","4441","ACC6DB778C64737B4830E65422ED0C22F671CDD3661F9678D7DEB8605BE14F4D","2026-08-11T10:40:01.9117199+08:00"
"Codex-45-探索未知页面安全退出与实机根因修复-20260806.md","5757","CD2181D7E64607670AF9276171AAA20366D509B7C64E1B5D6D6FF82624DA2E80","2026-08-11T10:40:01.9127050+08:00"
"Codex-46-困28自动轮换候补弹窗实机修复-20260806.md","3856","6168E9090F22C183862BE2345212E2DC48AAFF38B6764EC539B8B30D6F951C97","2026-08-11T10:40:01.9136732+08:00"
"Codex-47-困28自动轮换与退出误判交叉验证-20260806.md","2520","DEBD16E93036B5EE07B96E76F205007F9C2524F414A0ACB79AA9039E6AF6D67B","2026-08-11T10:40:01.9146497+08:00"
"Codex-48-探索退出确认公共恢复修复-20260806.md","2626","22D1C329A17EA5DBD268A025E136B3EF867E7C3F0520E3C80EA0895D51EE5E12","2026-08-11T10:40:01.9146497+08:00"
"Codex-49-困28退出自动模式与加成实机回归-20260806.md","5824","6E596B30B4A5D1CED33E26D39A8689C1B99BD5E897706BA5436037A212DBDB2A","2026-08-11T10:40:01.9156580+08:00"
"Codex-50-性能审查-截图识别控制与流程延迟-20260806.md","11323","9240D04E1E73E727D417EF71F0DFBE3038A4896B8C18F99689C2E09243CF501E","2026-08-11T10:40:01.9166442+08:00"
"Codex-51-性能修复实施与验证记录-20260806.md","8732","EEDD228D0978EDD786B0951BA3853F69538D179D4CC2C6AC3F5009EB79901466","2026-08-11T10:40:01.9176206+08:00"
"Codex-52-困28地图滑动与结算性能优化实施记录-20260806.md","7298","E1A2999E16763FA49509259A6B0EA8A80CA0D43C1CCE8345DD0408A4B11964B3","2026-08-11T10:40:01.9185977+08:00"
"Codex-53-寮突破实测准备与困28阶段记录-20260806.md","6103","01136F27E2E495DDD9BBB430054CD1BD95771BA57CBC05124EB1DE2272D26B1A","2026-08-11T10:40:01.9195733+08:00"
"Codex-54-寮突破最高勋章自动选寮实施记录-20260807.md","2697","4C8AFACDA16859F650CED8FEA47515B47900708782EE92E7EB12ED86A32BE577","2026-08-11T10:40:01.9205573+08:00"
"Codex-55-寮突破勋章排序单步测试计划-20260807.md","4179","1DA7D2321ABF9BBC9D45A6B364409BC3B6AFD9A0EA3503C8E81B37468AA94721","2026-08-11T10:40:01.9215267+08:00"
"Codex-README.md","7557","A4AC43E61A5A0549CF0FE7C17E6A2124040A510A1E959E0F3CE49A6537FA334D","2026-08-11T10:40:01.9225013+08:00"
"Codex-实测-EXP-028-20260807-01.md","3668","A3301173B6DB7D2D1568A5300F31386DF91C22F81FD63B8C68475D0B161F7D8C","2026-08-11T10:40:01.9234768+08:00"
"Codex-实测-EXP-028-20260807-02-长程闭环复测.md","2479","D3F2B5D8892871526494994D98305F63322FA83BB1E1E0440376A2CC0B9FFBD9","2026-08-11T10:40:01.9244536+08:00"
"Codex-实测-RR-COMBAT-001-20260807-01.md","4874","001D67386E38A4BB76214822501467EFE569CA2FA51E54AE9406205B94D4F450","2026-08-11T10:40:01.9254619+08:00"
"Codex-实测-RR-COMBAT-001-20260807-02.md","1970","26AE9C869856447C3AA57E725A1D307694928ABA21D173B22650130C98013AAB","2026-08-11T10:40:01.9264485+08:00"
"Codex-实测-RR-COMBAT-001-20260807-03-异常奖励误判记录.md","2011","3AABBB2898D363470087C5F1783DBF1CCE5503F2FF4E467D2991E95EC7A15B1C","2026-08-11T10:40:01.9274247+08:00"
"Codex-实测-RR-COMBAT-001-20260807-04-启动场景门禁.md","2024","73BA810F3B52DEF0E1466FC0015C47D3D3FAE6BCE3E18C0E37A881D944BFA327","2026-08-11T10:40:01.9284017+08:00"
"Codex-实测-RR-COMBAT-001-20260807-05-个人突破单场复测.md","2573","A2B45D6CF1D5201A201B82E8DB42562F3B9015B565B23704247A5155D118B328","2026-08-11T10:40:01.9284017+08:00"
"Codex-实测-RR-COMBAT-001-20260807-06-绿标异常现场.md","3500","0F290050FEA912248361BD9D899F34064ECF376F6A85708621DFA1F42EF31215","2026-08-11T10:40:01.9299098+08:00"
"Codex-实测-RR-COMBAT-001-20260807-green-anomaly.png","882068","7045D3E5EFB9EA61A14C12EB9C85566F881E7B350B3393E6EA0BD74E05308A03","2026-08-11T10:40:01.9328490+08:00"
"Codex-实测-RY-GUILD-001-20260807-01.md","2208","6E82932A893CDA53E2E44323FFC1E5E23C0416E475B622A81D6D41AB7287112C","2026-08-11T10:40:01.9328490+08:00"
"Codex-实施-RR-EXP-完整闭环验证-20260807.md","11647","C15741B8204CF09AA46E26192E1CA6655734F6029B79F2B4847D8F110AFAA293","2026-08-11T10:40:01.9338221+08:00"
"Codex-坐标标注操作台第二阶段功能实施与审核记录-20260807.md","3945","28E29A8DEB7C11A24F2AE28C3188687ECCE3C8C83ABEAEF173EF8062CB00FFCC","2026-08-11T10:40:01.9347979+08:00"
"Codex-坐标标注操作台审计与后台帧源修复-20260807.md","4677","EB76C746A840F402E6D61A17256A4CD4F98AFF9EA7923C2909EA0F62B915BC38","2026-08-11T10:40:01.9358027+08:00"
"Codex-坐标标注操作台实施记录-20260807.md","4385","E47542E1B0D7F5F747831E66F12EDB918E69CD5E06FAF7544EFC0396FE379DC5","2026-08-11T10:40:01.9367885+08:00"
"Codex-坐标校准工具DeepSeek-06残留修复记录-20260807.md","2073","8DFB4E61FBE82B02FE624A0B9245798257FE8D8E02D49D533839EF6CCDCAA032","2026-08-11T10:40:01.9377630+08:00"
"Codex-坐标校准工具审查修复记录-20260807.md","2714","6E86148CCBCF6A0643AB9C9BD1AA4B332DB4CA898D8C95C06F77DB58049B25FF","2026-08-11T10:40:01.9387382+08:00"
"DeepSeek-01-交叉审查汇总报告-20260806.md","13573","81DD382B3B8BBA6397AB6E9055579AC2F67197AFA09877296D9AC1E9A19349F0","2026-08-11T10:40:01.9398297+08:00"
"DeepSeek-02-性能优化与通用化沉降建议报告-20260806.md","15569","49763E55B57C568B564042EBEDE38F6C4F02242EB77B9F15DC64FEDAC3D6E6AA","2026-08-11T10:40:01.9408153+08:00"
"DeepSeek-03-性能报告交叉验证终审与修正汇总-20260806.md","13337","7E9EF2106A4C5D33FA12CCE7D7E314BC7F136D610020703F28BCC8B5241DD8DD","2026-08-11T10:40:01.9417924+08:00"
"DeepSeek-05-coordinate-calibrator全面审查报告-20260807.md","20610","9524D70F06F7E2C80225E78501BE65ABC5DFE945BF388774055B33B49C90BE9A","2026-08-11T10:40:01.9427690+08:00"
"DeepSeek-06-坐标校准工具修复验证与评测修订-20260807.md","9528","89BEFF2AEA9F59974C10B90536D3AAC324903E197A6A0BE939A3AA334FB52A08","2026-08-11T10:40:01.9437458+08:00"
"DeepSeek-07-双项目全面审查最终审计-20260809.md","12382","F8D5DF6D9C5901A92AD6B7435CBEA01A44D033EAC584B61E450C3180FAB3B4BC","2026-08-11T10:40:01.9447219+08:00"
"DeepSeek-08-8-10P0P1实施核验与最终结论-20260811.md","10037","2D07E5E40F68531D3FE911C90DEB64344A00386B67863E171EAE52DB09C50B7C","2026-08-11T10:40:01.9457298+08:00"
"HANDOFF_VERSION.txt","259","60CA9656581436C2E582AEAE810E958E23EEBEB133BD46B11B172A496AD47A7A","2026-08-11T10:40:01.9467158+08:00"
"OAS-Control-Center-项目交接包.zip","20107","5748CEDE6210955C8D72CB72CE9D51DFA2FE372F0E5B81670E2A0FF05B7B5220","2026-08-11T10:40:01.9477000+08:00"
